{
    "JsonSuccessfullyWritten" : true,
    "JsonVersion" : 4,
    "JsonCreationTime" : "132570625802287667",
    "CompatSectionCount" : 1,
    "CompatSections" : 
    [
        {
            "SectionMsg" : 
            {
                "MsgId" : 13,
                "MsgDescription" : "DEBUG: Machine Attributes"
            },
            "Assets" : 
            [
                {
                    "AssetImgPath" : "C:\\Windows\\appcompat\\UA\\GenericApp.png",
                    "Translatable" : true,
                    "AssetMajorResourceMsgId" : 
                    {
                        "MsgId" : 120,
                        "MsgDescription" : "DEBUG: Touch, Not Capable"
                    }
                }
            ]
        }
    ]
}